SaleID, Product, Category, SaleAmount, SaleDate
1, Product A, Category1, 100, 2024-08-29
2, Product A, Category1, 100, 2024-08-29
3, Product B, Category2, 150, 2024-08-29
4, Product C, Category1, 200, 2024-08-29
5, Product D, Category3, 120, 2024-08-29
6, Product E, Category2, 180, 2024-08-29
7, Product F, Category1, 220, 2024-08-29
8, Product G, Category3, 130, 2024-08-29
9, Product H, Category2, 170, 2024-08-29
10, Product I, Category1, 250, 2024-08-29
11, Product J, Category3, 140, 2024-08-29
12, Product K, Category2, 160, 2024-08-29
13, Product L, Category1, 210, 2024-08-29
14, Product M, Category3, 110, 2024-08-29
15, Product N, Category2, 175, 2024-08-29
16, Product O, Category1, 225, 2024-08-29
17, Product P, Category3, 135, 2024-08-29
18, Product Q, Category2, 165, 2024-08-29
19, Product R, Category1, 205, 2024-08-29
20, Product S, Category3, 115, 2024-08-29
21, Product T, Category2, 185, 2024-08-29
22, Product U, Category1, 235, 2024-08-29
23, Product V, Category3, 125, 2024-08-29
24, Product W, Category2, 155, 2024-08-29
25, Product X, Category1, 215, 2024-08-29
26, Product Y, Category3, 105, 2024-08-29
27, Product Z, Category2, 195, 2024-08-29
28, Product AA, Category1, 240, 2024-08-29
29, Product BB, Category3, 145, 2024-08-29
30, Product CC, Category2, 170, 2024-08-29
31, Product DD, Category1, 230, 2024-08-29
32, Product EE, Category3, 115, 2024-08-29
33, Product FF, Category2, 190, 2024-08-29
34, Product GG, Category1, 210, 2024-08-29
35, Product HH, Category3, 120, 2024-08-29
36, Product II, Category2, 165, 2024-08-29
37, Product JJ, Category1, 220, 2024-08-29
38, Product KK, Category3, 135, 2024-08-29
39, Product LL, Category2, 155, 2024-08-29
40, Product MM, Category1, 205, 2024-08-29
41, Product NN, Category3, 125, 2024-08-29
42, Product OO, Category2, 180, 2024-08-29
43, Product PP, Category1, 215, 2024-08-29
44, Product QQ, Category3, 130, 2024-08-29
45, Product RR, Category2, 170, 2024-08-29
46, Product SS, Category1, 225, 2024-08-29
47, Product TT, Category3, 110, 2024-08-29
48, Product UU, Category2, 175, 2024-08-29
49, Product VV, Category1, 240, 2024-08-29
50, Product WW, Category3, 140, 2024-08-29
